sn,givenName,sAMAccountName,cn,l,department,displayName,name
Ekelund,Aaren,Aaren,Aaren Ekelund,Paris,Sales,Aaren Ekelund,Aaren Ekelund
Barr,Adam,Adam,Adam Barr,Paris,Marketing,Adam Barr,Adam Barr
Delaney,Aidan,Aidan,Aidan Delaney,Paris,Managers,Aidan Delaney,Aidan Delaney
Steiner,Alan,Alan,Alan Steiner,London,Marketing,Alan Steiner,Alan Steiner
Vilums,Aldis,Aldis,Aldis Vilums,London,Development,Aldis Vilums,Aldis Vilums
Ruzicka,Ales,Ales,Ales Ruzicka,London,Development,Ales Ruzicka,Ales Ruzicka
Darrow,Alex,Alex,Alex Darrow,Paris,Marketing,Alex Darrow,Alex Darrow
Silva,Alexandre,Alexandre,Alexandre Silva,London,Marketing,Alexandre Silva,Alexandre Silva
Eremenko,Alexei,Alexei,Alexei Eremenko,Paris,Development,Alexei Eremenko,Alexei Eremenko
Speirs,Alistair,Alistair,Alistair Speirs,London,Development,Alistair Speirs,Alistair Speirs
Guinot,Allan,Allan,Allan Guinot,Paris,Marketing,Allan Guinot,Allan Guinot
Bellew,Allie,Allie,Allie Bellew,Paris,Research,Allie Bellew,Allie Bellew
Zaki,Amr,Amr,Amr Zaki,London,IT,Amr Zaki,Amr Zaki
Sundararaj,Ananth,Ananth,Ananth Sundararaj,London,Development,Ananth Sundararaj,Ananth Sundararaj
Kerry,Anat,Anat,Anat Kerry,Paris,Development,Anat Kerry,Anat Kerry
Schou,Andreas,Andreas,Andreas Schou,London,Marketing,Andreas Schou,Andreas Schou
Dixon,Andrew,Andrew,Andrew Dixon,Paris,Marketing,Andrew Dixon,Andrew Dixon
Sousa,Anibal,Anibal,Anibal Sousa,London,Development,Anibal Sousa,Anibal Sousa
Elson,Anil,Anil,Anil Elson,Paris,Research,Anil Elson,Anil Elson
Chavda,Ankur,Ankur,Ankur Chavda,Paris,Managers,Ankur Chavda,Ankur Chavda
Bedecs,Anna,Anna,Anna Bedecs,Paris,Marketing,Anna Bedecs,Anna Bedecs
Wallace,Anne,Anne,Anne Wallace,London,Development,Anne Wallace,Anne Wallace
Stoltze,Anne-Mette,Anne-Mette,Anne-Mette Stoltze,London,Development,Anne-Mette Stoltze,Anne-Mette Stoltze
Faisandier,Antoine,Antoine,Antoine Faisandier,Paris,Marketing,Antoine Faisandier,Antoine Faisandier
Kirilov,Anton,Anton,Anton Kirilov,Paris,Development,Anton Kirilov,Anton Kirilov
Reagan,April,April,April Reagan,London,IT,April Reagan,April Reagan
Huff,Arlene,Arlene,Arlene Huff,Paris,Sales,Arlene Huff,Arlene Huff
Pinto,Armando,Armando,Armando Pinto,London,Development,Armando Pinto,Armando Pinto
Mondloch,Arnie,Arnie,Arnie Mondloch,London,Marketing,Arnie Mondloch,Arnie Mondloch
Singhal,Ashima,Ashima,Ashima Singhal,London,Development,Ashima Singhal,Ashima Singhal
Kapoor,Ashish,Ashish,Ashish Kapoor,Paris,Marketing,Ashish Kapoor,Ashish Kapoor
Yuksel,Ayca,Ayca,Ayca Yuksel,London,Marketing,Ayca Yuksel,Ayca Yuksel
Hassouneh,Aziz,Aziz,Aziz Hassouneh,Paris,Research,Aziz Hassouneh,Aziz Hassouneh
Regev,Barak,Barak,Barak Regev,London,Marketing,Barak Regev,Barak Regev
Zighetti,Barbara,Barbara,Barbara Zighetti,London,Research,Barbara Zighetti,Barbara Zighetti
Duncan,Bart,Bart,Bart Duncan,Paris,Development,Bart Duncan,Bart Duncan
Martens,Ben,Ben,Ben Martens,London,Development,Ben Martens,Ben Martens
Kurmann,Benno,Benno,Benno Kurmann,London,Managers,Benno Kurmann,Benno Kurmann
Tham,Bernard,Bernard,Bernard Tham,London,Development,Bernard Tham,Bernard Tham
Mirchandani,Bharat,Bharat,Bharat Mirchandani,London,Research,Bharat Mirchandani,Bharat Mirchandani
Malone,Bill,Bill,Bill Malone,London,Managers,Bill Malone,Bill Malone
Rettig,Bjorn,Bjorn,Bjorn Rettig,London,Development,Bjorn Rettig,Bjorn Rettig
Dockter,Blaine,Blaine,Blaine Dockter,Paris,Sales,Blaine Dockter,Blaine Dockter
Moore,Bobby,Bobby,Bobby Moore,London,Development,Bobby Moore,Bobby Moore
Kearney,Bonnie,Bonnie,Bonnie Kearney,Paris,Sales,Bonnie Kearney,Bonnie Kearney
Gresak,Boris,Boris,Boris Gresak,Paris,Marketing,Boris Gresak,Boris Gresak
Strazar,Bostjan,Bostjan,Bostjan Strazar,London,Managers,Bostjan Strazar,Bostjan Strazar
Sutton,Brad,Brad,Brad Sutton,London,IT,Brad Sutton,Brad Sutton
Bredehoeft,Bryan,Bryan,Bryan Bredehoeft,Paris,Marketing,Bryan Bredehoeft,Bryan Bredehoeft
Comertoglu,Can,Can,Can Comertoglu,Paris,Sales,Can Comertoglu,Can Comertoglu
Carvallo,Carlos,Carlos,Carlos Carvallo,Paris,Marketing,Carlos Carvallo,Carlos Carvallo
Troup,Carol,Carol,Carol Troup,London,Managers,Carol Troup,Carol Troup
Boeger,Catherine,Catherine,Catherine Boeger,Paris,Sales,Catherine Boeger,Catherine Boeger
Cornejo,Cecilia,Cecilia,Cecilia Cornejo,Paris,Managers,Cecilia Cornejo,Cecilia Cornejo
Garcia,Cesar,Cesar,Cesar Garcia,Paris,Research,Cesar Garcia,Cesar Garcia
Niswonger,Chad,Chad,Chad Niswonger,London,IT,Chad Niswonger,Chad Niswonger
Herb,Charlie,Charlie,Charlie Herb,Paris,Development,Charlie Herb,Charlie Herb
Carpenter,Chase,Chase,Chase Carpenter,Paris,Development,Chase Carpenter,Chase Carpenter
Yang,Chen,Chen,Chen Yang,London,Development,Chen Yang,Chen Yang
Brussard,Chloe,Chloe,Chloe Brussard,Paris,Research,Chloe Brussard,Chloe Brussard
Sells,Chris,Chris,Chris Sells,London,Research,Chris Sells,Chris Sells
Geller,Christa,Christa,Christa Geller,Paris,Development,Christa Geller,Christa Geller
Anderson,Christen,Christen,Christen Anderson,Paris,Development,Christen Anderson,Christen Anderson
Hess,Christian,Christian,Christian Hess,Paris,Marketing,Christian Hess,Christian Hess
Akin,Cigdem,Cigdem,Cigdem Akin,Paris,Sales,Cigdem Akin,Cigdem Akin
Hansen,Claus,Claus,Claus Hansen,Paris,Development,Claus Hansen,Claus Hansen
Wilcox,Colin,Colin,Colin Wilcox,London,Research,Colin Wilcox,Colin Wilcox
Vrettos,Connie,Connie,Connie Vrettos,London,Marketing,Connie Vrettos,Connie Vrettos
Potra,Cristina,Cristina,Cristina Potra,London,Marketing,Cristina Potra,Cristina Potra
Carbonati,Cyril,Cyril,Cyril Carbonati,Paris,Development,Cyril Carbonati,Cyril Carbonati
Park,Dan,Dan,Dan Park,London,Sales,Dan Park,Dan Park
Birkby,Dana,Dana,Dana Birkby,Paris,Marketing,Dana Birkby,Dana Birkby
Durrer,Daniel,Daniel,Daniel Durrer,Paris,Sales,Daniel Durrer,Daniel Durrer
Tiedt,Danielle,Danielle,Danielle Tiedt,London,IT,Danielle Tiedt,Danielle Tiedt
Ortman,Danni,Danni,Danni Ortman,London,Sales,Danni Ortman,Danni Ortman
Levin,Danny,Danny,Danny Levin,London,Development,Danny Levin,Danny Levin
Korzun,Dariusz,Dariusz,Dariusz Korzun,London,Managers,Dariusz Korzun,Dariusz Korzun
Barnett,Dave,Dave,Dave Barnett,Paris,Sales,Dave Barnett,Dave Barnett
So,David,David,David So,London,Marketing,David So,David So
Garghentini,Davide,Davide,Davide Garghentini,Paris,Marketing,Davide Garghentini,Davide Garghentini
Garcia,Debra,Debra,Debra Garcia,Paris,Development,Debra Garcia,Debra Garcia
Kumar,Deepak,Deepak,Deepak Kumar,London,Research,Deepak Kumar,Deepak Kumar
Smith,Denise,Denise,Denise Smith,London,Marketing,Denise Smith,Denise Smith
Bye,Dennis,Dennis,Dennis Bye,Paris,Sales,Dennis Bye,Dennis Bye
Brown,Derek,Derek,Derek Brown,Paris,Marketing,Derek Brown,Derek Brown
Balasubramanian,Dev,Dev,Dev Balasubramanian,Paris,Development,Dev Balasubramanian,Dev Balasubramanian
Zilch,Dieter,Dieter,Dieter Zilch,London,Development,Dieter Zilch,Dieter Zilch
Andrade,Diogo,Diogo,Diogo Andrade,Paris,Managers,Diogo Andrade,Diogo Andrade
Burianova,Dita,Dita,Dita Burianova,Paris,Research,Dita Burianova,Dita Burianova
Dubicki,Dominik,Dominik,Dominik Dubicki,Paris,Managers,Dominik Dubicki,Dominik Dubicki
Funk,Don,Don,Don Funk,Paris,IT,Don Funk,Don Funk
Mahugh,Doug,Doug,Doug Mahugh,London,Marketing,Doug Mahugh,Doug Mahugh
Meadows,Ed,Ed,Ed Meadows,London,Managers,Ed Meadows,Ed Meadows
Silva,Edmund,Edmund,Edmund Silva,London,Sales,Edmund Silva,Edmund Silva
Yasuda,Eiji,Eiji,Eiji Yasuda,London,Managers,Eiji Yasuda,Eiji Yasuda
Nkya,Elly,Elly,Elly Nkya,London,Marketing,Elly Nkya,Elly Nkya
Swift,Eric,Eric,Eric Swift,London,Sales,Eric Swift,Eric Swift
Jensen,Erik,Erik,Erik Jensen,Paris,Sales,Erik Jensen,Erik Jensen
Zischka,Erwin,Erwin,Erwin Zischka,London,Managers,Erwin Zischka,Erwin Zischka
Garden,Euan,Euan,Euan Garden,Paris,Managers,Euan Garden,Euan Garden
Kogan,Eugene,Eugene,Eugene Kogan,Paris,Marketing,Eugene Kogan,Eugene Kogan
Corets,Eva,Eva,Eva Corets,Paris,Development,Eva Corets,Eva Corets
Basalik,Evan,Evan,Evan Basalik,Paris,Development,Evan Basalik,Evan Basalik
Canel,Fabrice,Fabrice,Fabrice Canel,Paris,Sales,Fabrice Canel,Fabrice Canel
Noriega,Fabricio,Fabricio,Fabricio Noriega,London,Sales,Fabricio Noriega,Fabricio Noriega
Rehorik,Filip,Filip,Filip Rehorik,London,Sales,Filip Rehorik,Filip Rehorik
Pedersen,Flemming,Flemming,Flemming Pedersen,London,Managers,Flemming Pedersen,Flemming Pedersen
Stiller,Florian,Florian,Florian Stiller,London,Research,Florian Stiller,Florian Stiller
Chaves,Francisco,Francisco,Francisco Chaves,Paris,IT,Francisco Chaves,Francisco Chaves
Halmaert,Franck,Franck,Franck Halmaert,Paris,Managers,Franck Halmaert,Franck Halmaert
Miller,Frank,Frank,Frank Miller,London,Marketing,Frank Miller,Frank Miller
Kohl,Franz,Franz,Franz Kohl,Paris,Sales,Franz Kohl,Franz Kohl
Fiegler,Franziska,Franziska,Franziska Fiegler,Paris,Marketing,Franziska Fiegler,Franziska Fiegler
Vargas,Garrett,Garrett,Garrett Vargas,London,Development,Garrett Vargas,Garrett Vargas
Schaller,George,George,George Schaller,London,Development,George Schaller,George Schaller
Khosa,Godwell,Godwell,Godwell Khosa,Paris,IT,Godwell Khosa,Godwell Khosa
Culbertson,Grant,Grant,Grant Culbertson,Paris,Development,Grant Culbertson,Grant Culbertson
Yvkoff,Greg,Greg,Greg Yvkoff,London,Development,Greg Yvkoff,Greg Yvkoff
Weber,Gregory,Gregory,Gregory Weber,London,Development,Gregory Weber,Gregory Weber
Adalsteinsson,Gudmundur,Gudmundur,Gudmundur Adalsteinsson,Paris,Development,Gudmundur Adalsteinsson,Gudmundur Adalsteinsson
Singh,Gurinder,Gurinder,Gurinder Singh,London,Managers,Gurinder Singh,Gurinder Singh
Fourre,Gwenael,Gwenael,Gwenael Fourre,Paris,Development,Gwenael Fourre,Gwenael Fourre
Loza,Hani,Hani,Hani Loza,London,Research,Hani Loza,Hani Loza
Miller,Harry,Harry,Harry Miller,London,Sales,Harry Miller,Harry Miller
Abolrous,Hazem,Hazem,Hazem Abolrous,Paris,Sales,Hazem Abolrous,Hazem Abolrous
Murchison,Heather,Heather,Heather Murchison,London,Research,Heather Murchison,Heather Murchison
Fischer,Heinrich,Heinrich,Heinrich Fischer,Paris,Sales,Heinrich Fischer,Heinrich Fischer
Mahawar,Hemant,Hemant,Hemant Mahawar,London,Sales,Hemant Mahawar,Hemant Mahawar
Dickson,Holly,Holly,Holly Dickson,Paris,IT,Holly Dickson,Holly Dickson
Pournasseh,Houman,Houman,Houman Pournasseh,London,Sales,Houman Pournasseh,Houman Pournasseh
Thorell,Iben,Iben,Iben Thorell,London,Development,Iben Thorell,Iben Thorell
Rubin,Idan,Idan,Idan Rubin,London,Development,Idan Rubin,Idan Rubin
Ozhogina,Inna,Inna,Inna Ozhogina,London,Development,Inna Ozhogina,Inna Ozhogina
Komashinsky,Ivan,Ivan,Ivan Komashinsky,London,Research,Ivan Komashinsky,Ivan Komashinsky
Haemels,Ivo,Ivo,Ivo Haemels,Paris,Development,Ivo Haemels,Ivo Haemels
Jelitto,Jacek,Jacek,Jacek Jelitto,Paris,Development,Jacek Jelitto,Jacek Jelitto
Stele,Jaka,Jaka,Jaka Stele,London,Sales,Jaka Stele,Jaka Stele
Alvord,James,James,James Alvord,Paris,Sales,James Alvord,James Alvord
Campbell,Jamie,Jamie,Jamie Campbell,Paris,Marketing,Jamie Campbell,Jamie Campbell
Dryml,Jan,Jan,Jan Dryml,Paris,Development,Jan Dryml,Jan Dryml
Malgorzaciak,Janusz,Janusz,Janusz Malgorzaciak,London,Development,Janusz Malgorzaciak,Janusz Malgorzaciak
Carlson,Jason,Jason,Jason Carlson,Paris,Managers,Jason Carlson,Jason Carlson
Hamlin,Jay,Jay,Jay Hamlin,Paris,Development,Jay Hamlin,Jay Hamlin
Pitie,Jean-Christophe,Jean-Christophe,Jean-Christophe Pitie,London,Managers,Jean-Christophe Pitie,Jean-Christophe Pitie
Brown,Jed,Jed,Jed Brown,Paris,Sales,Jed Brown,Jed Brown
Chia,Jeff,Jeff,Jeff Chia,Paris,Development,Jeff Chia,Jeff Chia
Kensok,Jennifer,Jennifer,Jennifer Kensok,Paris,Sales,Jennifer Kensok,Jennifer Kensok
Liu,Jenny,Jenny,Jenny Liu,London,Marketing,Jenny Liu,Jenny Liu
Geschwandtner,Jens,Jens,Jens Geschwandtner,Paris,Sales,Jens Geschwandtner,Jens Geschwandtner
Los,Jeremy,Jeremy,Jeremy Los,London,Sales,Jeremy Los,Jeremy Los
Cool,Jeroen,Jeroen,Jeroen Cool,Paris,Research,Jeroen Cool,Jeroen Cool
Herp,Jesper,Jesper,Jesper Herp,Paris,IT,Jesper Herp,Jesper Herp
Merriam,Jesse,Jesse,Jesse Merriam,London,Development,Jesse Merriam,Jesse Merriam
Corbin,Jim,Jim,Jim Corbin,Paris,Development,Jim Corbin,Jim Corbin
Bischoff,Jimmy,Jimmy,Jimmy Bischoff,Paris,Development,Jimmy Bischoff,Jimmy Bischoff
Liu,Jinghao,Jinghao,Jinghao Liu,London,Development,Jinghao Liu,Jinghao Liu
Burian,Jiri,Jiri,Jiri Burian,Paris,Managers,Jiri Burian,Jiri Burian
Yuan,Joanna,Joanna,Joanna Yuan,London,Sales,Joanna Yuan,Joanna Yuan
Stangeland,Joannie,Joannie,Joannie Stangeland,London,Development,Joannie Stangeland,Joannie Stangeland
Healy,Joe,Joe,Joe Healy,Paris,Managers,Joe Healy,Joe Healy
Frauenheim,Joel,Joel,Joel Frauenheim,Paris,Marketing,Joel Frauenheim,Joel Frauenheim
Woods,John,John,John Woods,London,Development,John Woods,John Woods
Apacible,Johnson,Johnson,Johnson Apacible,Paris,Development,Johnson Apacible,Johnson Apacible
Gordner,Jon,Jon,Jon Gordner,Paris,Sales,Jon Gordner,Jon Gordner
Brandel,Jonas,Jonas,Jonas Brandel,Paris,Sales,Jonas Brandel,Jonas Brandel
Mollerup,Jonathan,Jonathan,Jonathan Mollerup,London,Sales,Jonathan Mollerup,Jonathan Mollerup
Rahgek,Jorgen,Jorgen,Jorgen Rahgek,London,IT,Jorgen Rahgek,Jorgen Rahgek
Krawczak,Joseph,Joseph,Joseph Krawczak,London,Development,Joseph Krawczak,Joseph Krawczak
Bailey,Josh,Josh,Josh Bailey,Paris,Research,Josh Bailey,Josh Bailey
Lew,Judy,Judy,Judy Lew,London,Managers,Judy Lew,Judy Lew
Posti,Juha-Pekka,Juha-Pekka,Juha-Pekka Posti,London,IT,Juha-Pekka Posti,Juha-Pekka Posti
Isla,Julian,Julian,Julian Isla,Paris,IT,Julian Isla,Julian Isla
Harrison,Justin,Justin,Justin Harrison,Paris,Marketing,Justin Harrison,Justin Harrison
Toh,Karen,Karen,Karen Toh,London,Marketing,Karen Toh,Karen Toh
Hensien,Kari,Kari,Kari Hensien,Paris,Marketing,Kari Hensien,Kari Hensien
Lamb,Karin,Karin,Karin Lamb,London,Sales,Karin Lamb,Karin Lamb
Leal,Karina,Karina,Karina Leal,London,Marketing,Karina Leal,Karina Leal
Taneyhill,Kate,Kate,Kate Taneyhill,London,Development,Kate Taneyhill,Kate Taneyhill
Simpson,Katherine,Katherine,Katherine Simpson,London,Development,Katherine Simpson,Katherine Simpson
Sawanoi,Kazuki,Kazuki,Kazuki Sawanoi,London,Development,Kazuki Sawanoi,Kazuki Sawanoi
Shibata,Kazuto,Kazuto,Kazuto Shibata,London,Development,Kazuto Shibata,Kazuto Shibata
Rollin,Kelly,Kelly,Kelly Rollin,London,IT,Kelly Rollin,Kelly Rollin
Ewert,Ken,Ken,Ken Ewert,Paris,Sales,Ken Ewert,Ken Ewert
Hanif,Kerim,Kerim,Kerim Hanif,Paris,Marketing,Kerim Hanif,Kerim Hanif
Kelly,Kevin,Kevin,Kevin Kelly,Paris,Managers,Kevin Kelly,Kevin Kelly
Truelsen,Kim,Kim,Kim Truelsen,London,IT,Kim Truelsen,Kim Truelsen
Gregersen,Kirk,Kirk,Kirk Gregersen,Paris,Sales,Kirk Gregersen,Kirk Gregersen
Janiszewski,Krzysztof,Krzysztof,Krzysztof Janiszewski,Paris,Managers,Krzysztof Janiszewski,Krzysztof Janiszewski
Nagaichouk,Kyryl,Kyryl,Kyryl Nagaichouk,London,IT,Kyryl Nagaichouk,Kyryl Nagaichouk
Waldman,Larry,Larry,Larry Waldman,London,Research,Larry Waldman,Larry Waldman
Penisson,Laurent,Laurent,Laurent Penisson,London,Development,Laurent Penisson,Laurent Penisson
Lam,Lawrence,Lawrence,Lawrence Lam,London,Development,Lawrence Lam,Lawrence Lam
Gaffney,Lawrie,Lawrie,Lawrie Gaffney,Paris,Marketing,Lawrie Gaffney,Lawrie Gaffney
Giakoumakis,Leo,Leo,Leo Giakoumakis,Paris,Development,Leo Giakoumakis,Leo Giakoumakis
Paturskis,Leonids,Leonids,Leonids Paturskis,London,Managers,Leonids Paturskis,Leonids Paturskis
Marques,Leonor,Leonor,Leonor Marques,London,Marketing,Leonor Marques,Leonor Marques
Henig,Limor,Limor,Limor Henig,Paris,Sales,Limor Henig,Limor Henig
Toftemark,Lisa,Lisa,Lisa Toftemark,London,Sales,Lisa Toftemark,Lisa Toftemark
Jacobsen,Lola,Lola,Lola Jacobsen,Paris,Managers,Lola Jacobsen,Lola Jacobsen
Penor,Lori,Lori,Lori Penor,London,Sales,Lori Penor,Lori Penor
Toubro,Louise,Louise,Louise Toubro,London,Research,Louise Toubro,Louise Toubro
Argentiero,Luca,Luca,Luca Argentiero,Paris,Sales,Luca Argentiero,Luca Argentiero
Ceckova,Lucia,Lucia,Lucia Ceckova,Paris,Sales,Lucia Ceckova,Lucia Ceckova
Iallo,Lucio,Lucio,Lucio Iallo,Paris,Development,Lucio Iallo,Lucio Iallo
Bonifaz,Luis,Luis,Luis Bonifaz,Paris,Development,Luis Bonifaz,Luis Bonifaz
Keller,Lukas,Lukas,Lukas Keller,Paris,Research,Lukas Keller,Lukas Keller
Fedorow,Maciej,Maciej,Maciej Fedorow,Paris,Development,Maciej Fedorow,Maciej Fedorow
Kelly,Madeleine,Madeleine,Madeleine Kelly,Paris,Development,Madeleine Kelly,Madeleine Kelly
Carrido,Maggie,Maggie,Maggie Carrido,Paris,Sales,Maggie Carrido,Maggie Carrido
Hedlund,Magnus,Magnus,Magnus Hedlund,Paris,IT,Magnus Hedlund,Magnus Hedlund
Sreenivas,Mahesh,Mahesh,Mahesh Sreenivas,London,Development,Mahesh Sreenivas,Mahesh Sreenivas
Wenzel,Maira,Maira,Maira Wenzel,London,IT,Maira Wenzel,Maira Wenzel
Yamagishi,Makoto,Makoto,Makoto Yamagishi,London,Research,Makoto Yamagishi,Makoto Yamagishi
Samant,Mandar,Mandar,Mandar Samant,London,Sales,Mandar Samant,Mandar Samant
Chopra,Manish,Manish,Manish Chopra,Paris,Marketing,Manish Chopra,Manish Chopra
Agarwal,Manoj,Manoj,Manoj Agarwal,Paris,IT,Manoj Agarwal,Manoj Agarwal
Machado,Manuel,Manuel,Manuel Machado,London,Marketing,Manuel Machado,Manuel Machado
Cameron,Maria,Maria,Maria Cameron,Paris,IT,Maria Cameron,Maria Cameron
Wolodzko,Mariusz,Mariusz,Mariusz Wolodzko,London,Sales,Mariusz Wolodzko,Mariusz Wolodzko
Bebbington,Mark,Mark,Mark Bebbington,Paris,IT,Mark Bebbington,Mark Bebbington
Dayley,Marlowe,Marlowe,Marlowe Dayley,Paris,Development,Marlowe Dayley,Marlowe Dayley
Weber,Martin,Martin,Martin Weber,London,Sales,Martin Weber,Martin Weber
Kawai,Masato,Masato,Masato Kawai,Paris,Marketing,Masato Kawai,Masato Kawai
Charles,Mathew,Mathew,Mathew Charles,Paris,Research,Mathew Charles,Mathew Charles
Cavallari,Matt,Matt,Matt Cavallari,Paris,IT,Matt Cavallari,Matt Cavallari
Berndt,Matthias,Matthias,Matthias Berndt,Paris,Development,Matthias Berndt,Matthias Berndt
Taylor,Maurice,Maurice,Maurice Taylor,London,Development,Maurice Taylor,Maurice Taylor
Macagno,Maurizio,Maurizio,Maurizio Macagno,London,Development,Maurizio Macagno,Maurizio Macagno
Goldin,Maxim,Maxim,Maxim Goldin,Paris,Research,Maxim Goldin,Maxim Goldin
MacBeth,Melissa,Melissa,Melissa MacBeth,London,Sales,Melissa MacBeth,Melissa MacBeth
Allen,Michael,Michael,Michael Allen,Paris,IT,Michael Allen,Michael Allen
Pereira,Michel,Michel,Michel Pereira,London,Marketing,Michel Pereira,Michel Pereira
Saenz,Miguel,Miguel,Miguel Saenz,London,Development,Miguel Saenz,Miguel Saenz
Gahrns,Mike,Mike,Mike Gahrns,Paris,Sales,Mike Gahrns,Mike Gahrns
Xie,Ming-Yang,Ming-Yang,Ming-Yang Xie,London,Sales,Ming-Yang Xie,Ming-Yang Xie
Mandic,Mirko,Mirko,Mirko Mandic,London,Development,Mirko Mandic,Mirko Mandic
Dempsey,Molly,Molly,Molly Dempsey,Paris,Sales,Molly Dempsey,Molly Dempsey
Rasmussen,Morten,Morten,Morten Rasmussen,London,Development,Morten Rasmussen,Morten Rasmussen
Natarajan,Mrina,Mrina,Mrina Natarajan,London,Development,Mrina Natarajan,Mrina Natarajan
Han,Mu,Mu,Mu Han,Paris,Sales,Mu Han,Mu Han
Jain,Mukesh,Mukesh,Mukesh Jain,Paris,Development,Mukesh Jain,Mukesh Jain
Delesalle,Myriam,Myriam,Myriam Delesalle,Paris,Marketing,Myriam Delesalle,Myriam Delesalle
Sun,Nate,Nate,Nate Sun,London,Marketing,Nate Sun,Nate Sun
Charney,Neil,Neil,Neil Charney,Paris,Development,Neil Charney,Neil Charney
Sokec,Neven,Neven,Neven Sokec,London,Sales,Neven Sokec,Neven Sokec
Vietzen,Nina,Nina,Nina Vietzen,London,Sales,Nina Vietzen,Nina Vietzen
Shah,Niraj,Niraj,Niraj Shah,London,Marketing,Niraj Shah,Niraj Shah
Bento,Nuno,Nuno,Nuno Bento,Paris,Managers,Nuno Bento,Nuno Bento
Gonzalez,Nuria,Nuria,Nuria Gonzalez,Paris,Managers,Nuria Gonzalez,Nuria Gonzalez
Lee,Oliver,Oliver,Oliver Lee,London,Sales,Oliver Lee,Oliver Lee
Renaud,Olivier,Olivier,Olivier Renaud,London,Research,Olivier Renaud,Olivier Renaud
Veselova,Olya,Olya,Olya Veselova,London,Development,Olya Veselova,Olya Veselova
Shabaneh,Osama,Osama,Osama Shabaneh,London,Managers,Osama Shabaneh,Osama Shabaneh
Pattanapitakkul,Pannarat,Pannarat,Pannarat Pattanapitakkul,London,Development,Pannarat Pattanapitakkul,Pannarat Pattanapitakkul
Bedi,Parry,Parry,Parry Bedi,Paris,Sales,Parry Bedi,Parry Bedi
Manek,Parul,Parul,Parul Manek,London,Sales,Parul Manek,Parul Manek
Coleman,Pat,Pat,Pat Coleman,Paris,Marketing,Pat Coleman,Pat Coleman
Doyle,Patricia,Patricia,Patricia Doyle,Paris,Research,Patricia Doyle,Patricia Doyle
West,Paul,Paul,Paul West,London,Marketing,Paul West,Paul West
Czernek,Pawel,Pawel,Pawel Czernek,Paris,Marketing,Pawel Czernek,Pawel Czernek
Halberg,Pernille,Pernille,Pernille Halberg,Paris,Managers,Pernille Halberg,Pernille Halberg
Villadsen,Peter,Peter,Peter Villadsen,London,Marketing,Peter Villadsen,Peter Villadsen
Klement,Petr,Petr,Petr Klement,Paris,Sales,Petr Klement,Petr Klement
Harris,Phyllis,Phyllis,Phyllis Harris,Paris,Sales,Phyllis Harris,Phyllis Harris
Westermann,Pia,Pia,Pia Westermann,London,Sales,Pia Westermann,Pia Westermann
Wycoff,Pieter,Pieter,Pieter Wycoff,London,Marketing,Pieter Wycoff,Pieter Wycoff
Pinilla,Pilar,Pilar,Pilar Pinilla,London,Research,Pilar Pinilla,Pilar Pinilla
Hirunyanitiwatna,Pongsiri,Pongsiri,Pongsiri Hirunyanitiwatna,Paris,Managers,Pongsiri Hirunyanitiwatna,Pongsiri Hirunyanitiwatna
Malpani,Pooja,Pooja,Pooja Malpani,London,IT,Pooja Malpani,Pooja Malpani
Kovvuru,Prakash,Prakash,Prakash Kovvuru,London,Development,Prakash Kovvuru,Prakash Kovvuru
Desai,Prashanth,Prashanth,Prashanth Desai,Paris,Marketing,Prashanth Desai,Prashanth Desai
Ola,Preeda,Preeda,Preeda Ola,London,Research,Preeda Ola,Preeda Ola
Vaidya,Purvi,Purvi,Purvi Vaidya,London,Sales,Purvi Vaidya,Purvi Vaidya
Wang,Qiang,Qiang,Qiang Wang,London,IT,Qiang Wang,Qiang Wang
Petratur,Radim,Radim,Radim Petratur,London,IT,Radim Petratur,Radim Petratur
Bonaldi,Raffaella,Raffaella,Raffaella Bonaldi,Paris,Research,Raffaella Bonaldi,Raffaella Bonaldi
Rudmanis,Raimonds,Raimonds,Raimonds Rudmanis,London,Managers,Raimonds Rudmanis,Raimonds Rudmanis
Thirunavukkarasu,Ram,Ram,Ram Thirunavukkarasu,London,Sales,Ram Thirunavukkarasu,Ram Thirunavukkarasu
Iyer,Raman,Raman,Raman Iyer,Paris,Sales,Raman Iyer,Raman Iyer
Boseman,Randall,Randall,Randall Boseman,Paris,Managers,Randall Boseman,Randall Boseman
Byrne,Randy,Randy,Randy Byrne,Paris,Marketing,Randy Byrne,Randy Byrne
Artman,Ravital,Ravital,Ravital Artman,Paris,Development,Ravital Artman,Ravital Artman
Chow,Ray,Ray,Ray Chow,Paris,Development,Ray Chow,Ray Chow
Fong,Raymond,Raymond,Raymond Fong,Paris,Development,Raymond Fong,Raymond Fong
Koch,Reed,Reed,Reed Koch,Paris,Development,Reed Koch,Reed Koch
Cabatana,Reina,Reina,Reina Cabatana,Paris,Development,Reina Cabatana,Reina Cabatana
Krausova,Renata,Renata,Renata Krausova,London,Marketing,Renata Krausova,Renata Krausova
Bloesser,Rex,Rex,Rex Bloesser,Paris,IT,Rex Bloesser,Rex Bloesser
Shaw,Rhae-Christie,Rhae-Christie,Rhae-Christie Shaw,London,Sales,Rhae-Christie Shaw,Rhae-Christie Shaw
Carey,Richard,Richard,Richard Carey,Paris,Managers,Richard Carey,Richard Carey
Cason,Rob,Rob,Rob Cason,Paris,Development,Rob Cason,Rob Cason
Zare,Robert,Robert,Robert Zare,London,Marketing,Robert Zare,Robert Zare
Tamburello,Roberto,Roberto,Roberto Tamburello,London,Research,Roberto Tamburello,Roberto Tamburello
Hofmann,Roland,Roland,Roland Hofmann,Paris,Sales,Roland Hofmann,Roland Hofmann
Miler,Roman,Roman,Roman Miler,London,IT,Roman Miler,Roman Miler
Asbari,Roya,Roya,Roya Asbari,Paris,IT,Roya Asbari,Roya Asbari
Raposo,Rui,Rui,Rui Raposo,London,Marketing,Rui Raposo,Rui Raposo
Shashkov,Ruslan,Ruslan,Ruslan Shashkov,London,Development,Ruslan Shashkov,Ruslan Shashkov
King,Russell,Russell,Russell King,Paris,Managers,Russell King,Russell King
Spanton,Ryan,Ryan,Ryan Spanton,London,Managers,Ryan Spanton,Ryan Spanton
Royant,Sabine,Sabine,Sabine Royant,London,Research,Sabine Royant,Sabine Royant
Karnik,Sachin,Sachin,Sachin Karnik,Paris,Development,Sachin Karnik,Sachin Karnik
Hadaya,Sagiv,Sagiv,Sagiv Hadaya,Paris,Research,Sagiv Hadaya,Sagiv Hadaya
Athalye,Sameer,Sameer,Sameer Athalye,Paris,Marketing,Sameer Athalye,Sameer Athalye
Kaliyath,Sandeep,Sandeep,Sandeep Kaliyath,Paris,IT,Sandeep Kaliyath,Sandeep Kaliyath
Patel,Sanjay,Sanjay,Sanjay Patel,London,Research,Sanjay Patel,Sanjay Patel
Jones,Sarah,Sarah,Sarah Jones,Paris,Sales,Sarah Jones,Sarah Jones
Koncius,Sarunas,Sarunas,Sarunas Koncius,London,Development,Sarunas Koncius,Sarunas Koncius
Hayakawa,Satomi,Satomi,Satomi Hayakawa,Paris,Development,Satomi Hayakawa,Satomi Hayakawa
Rockfeld,Scott,Scott,Scott Rockfeld,London,Marketing,Scott Rockfeld,Scott Rockfeld
Bentley,Sean,Sean,Sean Bentley,Paris,Development,Sean Bentley,Sean Bentley
Motte,Sebastien,Sebastien,Sebastien Motte,London,Marketing,Sebastien Motte,Sebastien Motte
Srinivasan,Sethu,Sethu,Sethu Srinivasan,London,Sales,Sethu Srinivasan,Sethu Srinivasan
Kim,Shane,Shane,Shane Kim,Paris,Research,Shane Kim,Shane Kim
Dascher,Shannon,Shannon,Shannon Dascher,Paris,Sales,Shannon Dascher,Shannon Dascher
Richardson,Shawn,Shawn,Shawn Richardson,London,IT,Shawn Richardson,Shawn Richardson
Shridhar,Shish,Shish,Shish Shridhar,London,IT,Shish Shridhar,Shish Shridhar
Ito,Shu,Shu,Shu Ito,Paris,Marketing,Shu Ito,Shu Ito
Velauthapillai,Siri,Siri,Siri Velauthapillai,London,Managers,Siri Velauthapillai,Siri Velauthapillai
Tuntisangaroon,Sittichai,Sittichai,Sittichai Tuntisangaroon,London,Marketing,Sittichai Tuntisangaroon,Sittichai Tuntisangaroon
Kamal,Soha,Soha,Soha Kamal,Paris,Development,Soha Kamal,Soha Kamal
Francker,Soren,Soren,Soren Francker,Paris,Sales,Soren Francker,Soren Francker
Hesse,Stefan,Stefan,Stefan Hesse,Paris,Sales,Stefan Hesse,Stefan Hesse
Tschimmel,Steffen,Steffen,Steffen Tschimmel,London,Sales,Steffen Tschimmel,Steffen Tschimmel
Deming,Stephen,Stephen,Stephen Deming,Paris,Development,Stephen Deming,Stephen Deming
Winfield,Steve,Steve,Steve Winfield,London,IT,Steve Winfield,Steve Winfield
Glasson,Stuart,Stuart,Stuart Glasson,Paris,Marketing,Stuart Glasson,Stuart Glasson
Uppal,Sunil,Sunil,Sunil Uppal,London,Marketing,Sunil Uppal,Sunil Uppal
Stubberod,Susanna,Susanna,Susanna Stubberod,London,Development,Susanna Stubberod,Susanna Stubberod
Freitag,Sven,Sven,Sven Freitag,Paris,Development,Sven Freitag,Sven Freitag
Orman,Tad,Tad,Tad Orman,London,Development,Tad Orman,Tad Orman
Yee,Tai,Tai,Tai Yee,London,Development,Tai Yee,Tai Yee
Roth,Tali,Tali,Tali Roth,London,Sales,Tali Roth,Tali Roth
Plate,Tanja,Tanja,Tanja Plate,London,Marketing,Tanja Plate,Tanja Plate
Philip,Terrence,Terrence,Terrence Philip,London,Sales,Terrence Philip,Terrence Philip
Bouchard,Thomas,Thomas,Thomas Bouchard,Paris,IT,Thomas Bouchard,Thomas Bouchard
Scholl,Thorsten,Thorsten,Thorsten Scholl,London,IT,Thorsten Scholl,Thorsten Scholl
Sasic,Tihomir,Tihomir,Tihomir Sasic,London,Managers,Tihomir Sasic,Tihomir Sasic
Kim,Tim,Tim,Tim Kim,Paris,Development,Tim Kim,Tim Kim
Veninga,Tjeerd,Tjeerd,Tjeerd Veninga,London,Managers,Tjeerd Veninga,Tjeerd Veninga
Higginbotham,Tom,Tom,Tom Higginbotham,Paris,Research,Tom Higginbotham,Tom Higginbotham
Kutej,Tomas,Tomas,Tomas Kutej,London,Development,Tomas Kutej,Tomas Kutej
Bochenek,Tomasz,Tomasz,Tomasz Bochenek,Paris,Marketing,Tomasz Bochenek,Tomasz Bochenek
Poe,Toni,Toni,Toni Poe,London,Development,Toni Poe,Toni Poe
Smith,Tony,Tony,Tony Smith,London,IT,Tony Smith,Tony Smith
Palma,Tude,Tude,Tude Palma,London,IT,Tude Palma,Tude Palma
Butnaru,Tzipi,Tzipi,Tzipi Butnaru,Paris,Development,Tzipi Butnaru,Tzipi Butnaru
Cebeci,Ural,Ural,Ural Cebeci,Paris,Marketing,Ural Cebeci,Ural Cebeci
Kuppa,Vamsi,Vamsi,Vamsi Kuppa,London,Managers,Vamsi Kuppa,Vamsi Kuppa
Mahadevan,Vidhya,Vidhya,Vidhya Mahadevan,London,IT,Vidhya Mahadevan,Vidhya Mahadevan
Forde,Viggo,Viggo,Viggo Forde,Paris,Research,Viggo Forde,Viggo Forde
Sundaram,Vijay,Vijay,Vijay Sundaram,London,Development,Vijay Sundaram,Vijay Sundaram
Ranjan,Vishwa,Vishwa,Vishwa Ranjan,London,Sales,Vishwa Ranjan,Vishwa Ranjan
Atlas,Vivian,Vivian,Vivian Atlas,Paris,Sales,Vivian Atlas,Vivian Atlas
Egorov,Vladimir,Vladimir,Vladimir Egorov,Paris,Marketing,Vladimir Egorov,Vladimir Egorov
Harp,Walter,Walter,Walter Harp,Paris,IT,Walter Harp,Walter Harp
Yu,Wei,Wei,Wei Yu,London,Development,Wei Yu,Wei Yu
Kahn,Wendy,Wendy,Wendy Kahn,Paris,Managers,Wendy Kahn,Wendy Kahn
Kennedy,Will,Will,Will Kennedy,Paris,Development,Will Kennedy,Will Kennedy
Mevius,Willem,Willem,Willem Mevius,London,Sales,Willem Mevius,Willem Mevius
Dyszkiewicz,Witold,Witold,Witold Dyszkiewicz,Paris,Development,Witold Dyszkiewicz,Witold Dyszkiewicz
Czupta,Wojciech,Wojciech,Wojciech Czupta,Paris,Development,Wojciech Czupta,Wojciech Czupta
Ghosh,Wriju,Wriju,Wriju Ghosh,Paris,Marketing,Wriju Ghosh,Wriju Ghosh
Li,Yale,Yale,Yale Li,London,Marketing,Yale Li,Yale Li
Guo,Yanlai,Yanlai,Yanlai Guo,Paris,Sales,Yanlai Guo,Yanlai Guo
Banai,Yossi,Yossi,Yossi Banai,Paris,Managers,Yossi Banai,Yossi Banai
Souza,Yukako,Yukako,Yukako Souza,London,Research,Yukako Souza,Yukako Souza
Kemmotsu,Yukari,Yukari,Yukari Kemmotsu,Paris,IT,Yukari Kemmotsu,Yukari Kemmotsu
Woodall,Zac,Zac,Zac Woodall,London,Marketing,Zac Woodall,Zac Woodall
Arifin,Zainal,Zainal,Zainal Arifin,Paris,Marketing,Zainal Arifin,Zainal Arifin
Mu,Zheng,Zheng,Zheng Mu,London,Sales,Zheng Mu,Zheng Mu